Mouse_ID,Timepoint,Tumor_Volume_(mm3),Metastatic_Sites
b128,0,45.0000,0
f932,0,45.0000,0
g107,0,45.0000,0
a457,0,45.0000,0
c819,0,45.0000,0
h246,0,45.0000,0
p189,0,45.0000,0
n923,0,45.0000,0
q119,0,45.0000,0
f993,0,45.0000,0
z234,0,45.0000,0
b559,0,45.0000,0
y260,0,45.0000,0
x930,0,45.0000,0
o725,0,45.0000,0
z969,0,45.0000,0
v835,0,45.0000,0
r604,0,45.0000,0
n304,0,45.0000,0
l700,0,45.0000,0
x336,0,45.0000,0
l725,0,45.0000,0
m133,0,45.0000,0
v295,0,45.0000,0
a818,0,45.0000,0
y601,0,45.0000,0
t724,0,45.0000,0
k382,0,45.0000,0
w422,0,45.0000,0
c326,0,45.0000,0
c139,0,45.0000,0
v339,0,45.0000,0
a577,0,45.0000,0
y163,0,45.0000,0
k483,0,45.0000,0
k804,0,45.0000,0
o809,0,45.0000,0
z581,0,45.0000,0
a251,0,45.0000,0
i386,0,45.0000,0
c580,0,45.0000,0
q132,0,45.0000,0
u327,0,45.0000,0
v603,0,45.0000,0
f278,0,45.0000,0
g497,0,45.0000,0
d474,0,45.0000,0
o973,0,45.0000,0
c832,0,45.0000,0
o331,0,45.0000,0
m650,0,45.0000,0
v289,0,45.0000,0
m550,0,45.0000,0
h428,0,45.0000,0
r701,0,45.0000,0
v199,0,45.0000,0
x264,0,45.0000,0
f234,0,45.0000,0
c458,0,45.0000,0
q610,0,45.0000,0
j913,0,45.0000,0
a411,0,45.0000,0
a444,0,45.0000,0
d251,0,45.0000,0
j989,0,45.0000,0
y449,0,45.0000,0
k403,0,45.0000,0
c758,0,45.0000,0
x402,0,45.0000,0
r811,0,45.0000,0
a644,0,45.0000,0
i177,0,45.0000,0
g791,0,45.0000,0
a520,0,45.0000,0
u196,0,45.0000,0
m546,0,45.0000,0
w678,0,45.0000,0
n364,0,45.0000,0
s508,0,45.0000,0
e662,0,45.0000,0
z578,0,45.0000,0
r921,0,45.0000,0
a492,0,45.0000,0
w540,0,45.0000,0
v764,0,45.0000,0
z795,0,45.0000,0
e291,0,45.0000,0
e584,0,45.0000,0
e213,0,45.0000,0
j755,0,45.0000,0
s565,0,45.0000,0
a366,0,45.0000,0
p387,0,45.0000,0
b879,0,45.0000,0
i901,0,45.0000,0
k862,0,45.0000,0
g867,0,45.0000,0
s619,0,45.0000,0
w697,0,45.0000,0
j984,0,45.0000,0
c402,0,45.0000,0
h333,0,45.0000,0
k510,0,45.0000,0
p981,0,45.0000,0
t451,0,45.0000,0
a963,0,45.0000,0
m269,0,45.0000,0
g989,0,45.0000,0
z314,0,45.0000,0
o848,0,45.0000,0
v719,0,45.0000,0
q597,0,45.0000,0
c895,0,45.0000,0
a203,0,45.0000,0
f394,0,45.0000,0
c264,0,45.0000,0
n967,0,45.0000,0
f545,0,45.0000,0
k894,0,45.0000,0
k754,0,45.0000,0
g296,0,45.0000,0
d164,0,45.0000,0
w575,0,45.0000,0
x613,0,45.0000,0
q633,0,45.0000,0
b313,0,45.0000,0
f129,0,45.0000,0
j365,0,45.0000,0
p136,0,45.0000,0
c559,0,45.0000,0
a788,0,45.0000,0
s337,0,45.0000,0
q511,0,45.0000,0
m331,0,45.0000,0
o926,0,45.0000,0
d133,0,45.0000,0
n630,0,45.0000,0
g989,0,45.0000,0
a401,0,45.0000,0
w350,0,45.0000,0
c302,0,45.0000,0
a897,0,45.0000,0
j235,0,45.0000,0
q787,0,45.0000,0
a262,0,45.0000,0
r850,0,45.0000,0
i669,0,45.0000,0
n763,0,45.0000,0
s152,0,45.0000,0
c766,0,45.0000,0
e227,0,45.0000,0
c282,0,45.0000,0
v989,0,45.0000,0
w140,0,45.0000,0
v409,0,45.0000,0
l872,0,45.0000,0
o795,0,45.0000,0
y478,0,45.0000,0
q582,0,45.0000,0
s166,0,45.0000,0
x773,0,45.0000,0
w167,0,45.0000,0
t718,0,45.0000,0
o302,0,45.0000,0
i477,0,45.0000,0
c757,0,45.0000,0
t994,0,45.0000,0
p310,0,45.0000,0
a699,0,45.0000,0
k603,0,45.0000,0
x822,0,45.0000,0
l558,0,45.0000,0
l733,0,45.0000,0
f436,0,45.0000,0
l490,0,45.0000,0
b759,0,45.0000,0
l471,0,45.0000,0
y865,0,45.0000,0
y769,0,45.0000,0
l661,0,45.0000,0
j296,0,45.0000,0
u149,0,45.0000,0
u153,0,45.0000,0
w151,0,45.0000,0
h531,0,45.0000,0
a685,0,45.0000,0
o813,0,45.0000,0
m756,0,45.0000,0
n671,0,45.0000,0
s121,0,45.0000,0
v766,0,45.0000,0
w193,0,45.0000,0
e476,0,45.0000,0
w584,0,45.0000,0
b447,0,45.0000,0
k210,0,45.0000,0
a275,0,45.0000,0
x581,0,45.0000,0
n482,0,45.0000,0
t198,0,45.0000,0
l215,0,45.0000,0
s141,0,45.0000,0
o523,0,45.0000,0
i635,0,45.0000,0
w746,0,45.0000,0
r107,0,45.0000,0
s187,0,45.0000,0
g570,0,45.0000,0
x209,0,45.0000,0
x111,0,45.0000,0
z435,0,45.0000,0
n678,0,45.0000,0
g558,0,45.0000,0
u946,0,45.0000,0
o562,0,45.0000,0
v991,0,45.0000,0
c927,0,45.0000,0
x226,0,45.0000,0
p438,0,45.0000,0
b487,0,45.0000,0
o287,0,45.0000,0
q483,0,45.0000,0
t573,0,45.0000,0
f345,0,45.0000,0
i334,0,45.0000,0
l264,0,45.0000,0
j246,0,45.0000,0
r554,0,45.0000,0
s185,0,45.0000,0
b742,0,45.0000,0
x401,0,45.0000,0
l509,0,45.0000,0
s710,0,45.0000,0
r157,0,45.0000,0
u364,0,45.0000,0
j119,0,45.0000,0
v923,0,45.0000,0
w914,0,45.0000,0
i738,0,45.0000,0
r944,0,45.0000,0
y793,0,45.0000,0
g316,0,45.0000,0
g288,0,45.0000,0
l897,0,45.0000,0
w150,0,45.0000,0
t565,0,45.0000,0
i557,0,45.0000,0
m957,0,45.0000,0
f966,0,45.0000,0
m601,0,45.0000,0
a275,5,46.7953,0
w575,5,48.9139,1
x822,5,45.6711,1
l509,5,45.8512,0
n304,5,46.4312,0
d164,5,46.6177,0
l897,5,45.4622,0
l558,5,45.8091,0
g296,5,46.5932,0
c458,5,45.7223,0
a401,5,46.1120,0
l700,5,45.9184,0
f234,5,47.3135,0
x613,5,46.0970,0
u149,5,45.7921,0
k210,5,47.9190,0
x402,5,46.3276,1
q610,5,45.6295,0
x581,5,47.1969,0
a492,5,46.4091,0
m133,5,46.6213,0
l725,5,48.7363,1
q633,5,47.1838,0
f129,5,47.0006,0
q483,5,46.7768,1
a444,5,44.0060,0
v835,5,47.1560,0
r604,5,47.0677,1
f394,5,47.0331,0
y865,5,46.7350,1
d251,5,41.7464,1
b313,5,47.1544,0
y769,5,46.4227,1
z234,5,46.1294,1
b559,5,47.4099,0
f993,5,46.3958,0
q119,5,47.8644,0
j989,5,45.6207,1
w150,5,39.2021,0
n923,5,45.8249,0
y449,5,45.8775,0
l661,5,46.2688,0
c302,5,47.6907,1
c264,5,45.7917,0
l471,5,46.2519,0
x930,5,46.0782,0
k754,5,45.7278,0
f436,5,46.3708,1
v295,5,46.1118,1
j913,5,44.0149,0
s710,5,43.1810,0
z969,5,49.3330,0
k894,5,47.6457,0
l490,5,45.6125,1
b759,5,48.0092,0
a411,5,45.4667,0
f545,5,46.5658,0
o725,5,46.8898,0
y601,5,48.4750,1
w914,5,45.8937,0
n967,5,46.0772,1
l733,5,46.1742,0
m601,5,41.4086,1
b487,5,46.2140,0
o287,5,45.5868,0
p310,5,46.5585,1
r107,5,48.5134,0
s565,5,48.2426,0
w350,5,48.2321,0
s187,5,47.5767,1
j984,5,48.4107,1
w697,5,48.3018,1
j755,5,47.2428,0
g570,5,47.6564,1
u364,5,45.7609,1
x209,5,46.7543,0
c402,5,49.3426,1
b742,5,41.5341,0
n630,5,46.0991,0
g989,5,48.7868,0
e213,5,45.6993,1
a366,5,48.9514,0
w746,5,49.4533,0
s141,5,45.8311,0
i901,5,46.4930,0
t198,5,47.4613,0
b879,5,49.1562,1
k603,5,46.0421,0
o523,5,45.5447,0
v923,5,45.7044,0
f966,5,38.7965,0
p387,5,48.6676,0
g867,5,46.8807,0
i635,5,47.2359,0
s619,5,46.6023,0
a699,5,46.5531,0
q132,5,46.7164,1
k862,5,49.2031,0
h333,5,45.7517,0
x401,5,45.4738,0
o926,5,46.7612,0
c927,5,46.3518,0
c559,5,46.5626,0
r701,5,46.8870,0
j119,5,45.8390,0
p438,5,46.8279,0
m269,5,49.0112,0
a963,5,46.2335,0
p136,5,49.2740,0
t724,5,46.3593,0
g989,5,47.5704,0
z314,5,45.9347,0
a818,5,45.6967,0
v764,5,47.0542,0
j365,5,46.7113,0
i557,5,42.2617,0
x264,5,47.0384,0
v991,5,49.2143,1
a788,5,47.0066,0
x111,5,46.9410,1
k510,5,46.6085,0
z435,5,47.1160,0
e584,5,45.6570,0
m331,5,45.5230,1
n678,5,47.5543,0
p981,5,47.0006,0
g558,5,46.1887,0
e291,5,46.1425,0
q511,5,45.8327,0
u946,5,45.9918,1
z795,5,46.8335,0
t451,5,48.0471,0
s337,5,46.8499,0
o562,5,46.5150,1
w540,5,45.8854,1
w140,5,47.7180,0
l215,5,49.4819,1
y793,5,41.0199,0
n763,5,46.0860,0
a203,5,48.5085,0
w584,5,46.0519,0
y163,5,48.2850,0
o973,5,46.7179,0
o795,5,46.7609,1
w422,5,48.4575,0
e662,5,45.8163,0
g791,5,45.8515,0
c580,5,46.6285,0
e476,5,47.1118,0
k483,5,46.6111,0
y478,5,48.6411,1
i669,5,46.7647,1
d474,5,45.9184,0
w193,5,45.4939,0
q582,5,45.9554,1
s166,5,47.1868,0
o331,5,47.0597,1
k382,5,46.2750,1
k804,5,48.2662,0
r850,5,46.8629,0
g316,5,44.0228,0
v766,5,48.1513,1
g497,5,48.7821,0
a520,5,38.7237,0
x773,5,45.8508,1
m550,5,49.0541,1
t994,5,47.8915,0
n364,5,45.5219,0
l264,5,46.6688,0
e227,5,47.2380,0
c326,5,36.3213,0
r157,5,45.5971,0
c766,5,47.3131,0
v719,5,47.1884,0
w678,5,43.1664,0
c139,5,48.7531,0
m546,5,42.9989,0
v339,5,46.2501,0
s152,5,47.4591,1
m650,5,48.5625,1
c282,5,45.7257,0
v989,5,48.8581,0
r944,5,45.7371,0
r554,5,45.7817,1
c895,5,45.4775,0
v409,5,46.2208,0
u196,5,45.5575,1
c832,5,48.6855,1
v289,5,46.2045,0
a897,5,45.6911,1
f345,5,45.5911,0
s508,5,38.7119,0
a577,5,46.1977,1
z578,5,42.1888,0
i177,5,44.0654,0
a644,5,45.5502,0
c757,5,47.7833,0
s185,5,43.8785,0
i738,5,45.5957,0
m756,5,47.0104,1
o813,5,45.6993,0
j246,5,45.6414,0
a685,5,46.8705,0
r811,5,45.6258,0
h246,5,49.4704,0
q597,5,45.7661,0
a251,5,46.9821,0
q787,5,47.1166,0
c758,5,45.5787,0
u327,5,45.6942,0
t565,5,45.8956,0
c819,5,45.7692,1
o302,5,48.9370,0
h531,5,47.7847,0
i477,5,46.6574,0
w151,5,45.5461,1
y260,5,46.7998,0
r921,5,45.5682,0
a457,5,47.4629,0
j296,5,46.7993,1
w167,5,48.7863,0
a262,5,48.7176,1
b128,5,45.6513,0
n671,5,47.3539,0
g288,5,45.8394,0
v603,5,46.0160,0
i334,5,41.0205,0
k403,5,38.8259,0
p189,5,49.0487,1
o809,5,46.8772,0
g107,5,48.7917,0
t718,5,45.9213,1
i386,5,46.8537,1
s121,5,45.6357,1
z581,5,49.2731,1
f278,5,48.1946,0
j235,5,46.5888,0
m957,5,45.6224,1
e291,10,48.5297,1
u946,10,46.7305,1
g558,10,50.0948,0
i386,10,49.8615,2
e584,10,47.2506,0
o523,10,47.0811,1
i635,10,48.6858,1
b879,10,50.3389,1
u327,10,49.2353,0
n678,10,49.1457,1
r554,10,39.0055,2
z435,10,48.7107,0
s565,10,52.7775,0
g497,10,49.6471,0
s187,10,48.1464,1
o809,10,48.6707,0
z581,10,50.4788,2
r107,10,49.1860,0
k804,10,49.4712,0
a366,10,53.5240,0
j755,10,48.1671,0
g570,10,49.1882,1
d474,10,46.9750,0
c832,10,49.8114,1
x209,10,48.9299,0
u364,10,46.5684,2
k483,10,50.2960,1
o973,10,48.2458,0
y163,10,49.1124,1
e213,10,47.3916,2
a251,10,48.5912,1
p387,10,53.3630,0
v923,10,39.8482,0
x111,10,49.1230,1
a577,10,49.5096,1
g288,10,46.3040,1
v603,10,47.8306,0
c139,10,49.9930,0
j296,10,48.5300,2
o331,10,50.1285,1
b759,10,49.1334,0
l490,10,47.2596,1
z969,10,52.6561,1
n671,10,51.0394,0
g107,10,53.4360,0
v835,10,48.9659,0
s710,10,43.6880,0
s121,10,49.0488,1
f436,10,48.1470,2
r604,10,48.7866,1
l733,10,48.3550,0
l509,10,46.7591,0
y260,10,48.0818,1
v766,10,50.3631,1
n304,10,47.2013,0
a457,10,49.7834,0
l558,10,46.7845,0
o725,10,48.1995,0
c819,10,46.6584,1
i738,10,43.4210,0
n923,10,48.7919,1
p189,10,51.5822,2
q119,10,51.2366,0
l661,10,49.6836,0
f993,10,48.1854,0
m957,10,46.4145,1
h246,10,51.3689,1
w151,10,46.5015,1
y769,10,48.0152,1
y865,10,49.5227,1
b559,10,48.0364,0
s141,10,47.2357,0
l471,10,48.1821,0
x930,10,50.2607,0
a685,10,47.6648,0
w193,10,48.3466,0
x822,10,48.9837,1
k382,10,50.1810,1
v289,10,48.1335,0
b487,10,47.6644,0
c895,10,49.7790,0
t724,10,50.7039,0
j119,10,46.4254,0
p438,10,50.5175,0
r701,10,49.6546,0
m650,10,50.9690,1
i557,10,42.9921,0
v719,10,51.4971,1
c927,10,50.9653,1
x264,10,47.8871,1
v991,10,52.6449,1
l264,10,50.6596,0
o562,10,47.1477,1
f345,10,47.2224,0
a818,10,49.7909,0
o287,10,47.3602,1
m550,10,50.5480,2
l700,10,47.0136,1
g316,10,44.5020,0
u149,10,47.4048,0
e476,10,49.4317,0
k210,10,49.3799,0
l725,10,50.8239,2
a275,10,47.3713,0
z795,10,48.0308,0
c580,10,47.5702,1
m133,10,47.5033,0
w422,10,49.9360,0
x581,10,49.0670,1
v295,10,47.5395,2
a203,10,51.8524,1
y793,10,41.6300,1
q483,10,47.8391,1
w584,10,47.2985,0
f966,10,35.6244,0
q132,10,47.9538,2
m269,10,50.8601,0
w167,10,51.8264,0
m601,10,36.8254,1
a492,10,48.4322,0
x773,10,47.1892,2
a401,10,47.7259,1
i177,10,41.0209,0
s166,10,49.0001,0
q582,10,47.0136,1
w540,10,47.4591,1
j365,10,48.3493,0
v764,10,48.1890,1
g791,10,40.1706,0
y478,10,52.2889,1
l897,10,46.1547,0
o795,10,51.1237,1
g989,10,51.7452,0
p136,10,50.9079,0
t451,10,48.9579,0
c282,10,48.1795,0
s337,10,47.8944,0
m546,10,43.7482,0
v989,10,52.6147,1
a788,10,50.1597,1
a644,10,46.3807,0
v409,10,50.6490,1
r944,10,46.5443,0
a963,10,47.1505,0
t994,10,52.6142,1
c559,10,47.2933,0
a520,10,36.4294,0
a444,10,44.5126,0
u196,10,46.4229,1
e227,10,51.3498,1
f129,10,48.1797,1
t718,10,46.3927,1
n967,10,47.4717,1
d251,10,42.4323,1
b313,10,48.3194,1
f545,10,51.0725,0
a411,10,40.7598,1
w914,10,43.2320,0
c302,10,48.5336,1
j989,10,46.3438,1
k894,10,49.2729,1
y449,10,46.3781,0
w150,10,39.9523,0
j913,10,44.4972,0
a897,10,47.9729,1
k754,10,49.7461,0
k403,10,35.0143,1
c757,10,49.2193,0
g296,10,48.2695,0
r921,10,42.7119,0
q633,10,49.0019,0
t565,10,46.7490,0
r811,10,39.4539,0
f234,10,47.9043,0
x613,10,46.8182,0
x402,10,46.8870,1
o302,10,49.7014,0
w575,10,50.1360,1
c458,10,44.4544,1
i477,10,47.5206,0
c758,10,46.2880,0
d164,10,47.4746,1
q610,10,44.9915,0
s185,10,37.6149,0
q511,10,50.3116,0
c264,10,49.0266,0
k862,10,50.5236,1
n763,10,46.8173,1
h333,10,46.2338,1
c402,10,50.5669,1
q787,10,48.5939,1
b128,10,43.2709,0
g867,10,48.1834,0
g989,10,49.8805,0
b742,10,41.9992,0
e662,10,46.4091,0
i669,10,48.2816,1
a699,10,47.8674,0
q597,10,42.5380,0
j984,10,50.1411,1
a262,10,49.5952,1
w350,10,48.8996,0
n364,10,40.3751,0
z578,10,42.9521,0
w697,10,48.9251,2
p310,10,48.6656,1
k603,10,46.6069,0
k510,10,47.6582,1
r850,10,48.5151,1
j235,10,48.0188,1
i901,10,50.4212,0
s152,10,52.1816,2
o926,10,47.5657,1
m331,10,47.6469,1
x401,10,39.1139,0
l215,10,53.6540,1
j246,10,46.4084,0
s508,10,34.8510,0
p981,10,47.5458,0
i334,10,41.6312,0
r157,10,46.0596,0
t198,10,49.0008,1
c766,10,49.5003,1
q597,15,41.3957,0
l661,15,50.9475,1
y769,15,52.7610,2
s185,15,38.1772,0
d251,15,39.4728,1
y865,15,50.8065,1
a685,15,48.9515,0
a262,15,53.8280,2
b128,15,43.7849,0
r811,15,40.0223,0
z581,15,51.1963,2
c819,15,48.3710,1
r850,15,50.2186,1
b559,15,51.3789,0
c264,15,53.6649,1
o302,15,51.3815,0
g288,15,42.1723,1
h246,15,56.1843,1
a251,15,50.5345,1
c757,15,51.5326,0
j989,15,41.1284,1
i334,15,39.1580,0
f993,15,49.1070,1
y449,15,44.1835,0
i738,15,37.9788,0
i386,15,51.7366,2
u327,15,50.6600,0
q787,15,49.2177,2
n923,15,51.7387,1
c758,15,46.9409,1
c302,15,52.7166,2
q132,15,49.1597,3
n671,15,54.2161,0
a897,15,52.3431,2
k403,15,34.2240,1
b313,15,49.1884,1
p189,15,53.6755,2
m957,15,39.8045,1
w151,15,47.2429,1
v603,15,52.1029,0
j296,15,50.7013,2
o331,15,54.7898,1
a644,15,46.9109,0
o809,15,49.6834,1
n763,15,47.7981,1
w422,15,52.2463,0
o795,15,55.8863,2
a203,15,52.7779,1
a520,15,35.5903,0
y163,15,51.5231,1
r944,15,47.3734,0
m550,15,51.1661,3
f345,15,48.3522,0
s152,15,57.2250,2
t994,15,53.4586,1
c895,15,52.9495,1
y793,15,42.2837,1
u196,15,47.2272,1
c832,15,52.8645,1
s508,15,35.2769,0
m546,15,39.8974,0
a577,15,50.9150,2
m650,15,53.1496,1
v719,15,52.6091,1
c766,15,50.5966,2
c282,15,49.2661,0
j235,15,51.1611,1
e227,15,52.8339,1
c139,15,51.8332,0
n364,15,36.9403,0
v289,15,52.6022,0
r921,15,43.5273,0
y478,15,53.6104,1
c580,15,51.9917,1
t565,15,44.4409,0
g497,15,53.6462,1
t718,15,48.0851,1
g107,15,58.1355,0
s121,15,50.8246,2
z578,15,38.6885,0
j246,15,43.3127,0
k804,15,50.4776,0
w167,15,53.9005,0
d474,15,47.7779,0
y260,15,50.1962,2
v766,15,51.5424,1
w584,15,51.2654,0
x773,15,47.6712,3
i669,15,48.8576,1
i177,15,40.3309,0
r157,15,46.5392,0
k382,15,54.4292,1
k483,15,53.2445,1
q582,15,48.3226,2
e476,15,54.0462,0
g791,15,40.6781,0
g316,15,45.2167,0
r554,15,35.4638,2
o973,15,49.8719,0
e662,15,43.5538,0
w193,15,49.3856,0
s141,15,49.2323,1
n967,15,49.8250,1
p438,15,52.1984,0
g989,15,51.3259,1
b487,15,51.6833,0
g570,15,52.6827,1
j119,15,47.3230,0
j755,15,51.4540,0
v764,15,49.4126,2
a818,15,51.2276,0
o287,15,48.6795,1
w540,15,48.2501,2
w350,15,50.8546,1
q483,15,48.4685,1
j365,15,49.5883,0
j984,15,51.1668,1
v295,15,50.6661,2
s187,15,52.0816,1
a401,15,49.9347,1
x581,15,49.7464,2
a492,15,51.9853,0
e291,15,49.3484,1
a275,15,49.7344,0
f129,15,49.9883,1
s565,15,54.3283,1
x402,15,49.1199,1
l725,15,54.2446,2
b742,15,39.5248,0
t724,15,55.5846,0
k210,15,51.0736,0
p136,15,51.9914,1
m269,15,55.9053,0
q511,15,52.1331,0
u946,15,47.6730,1
x401,15,39.7763,0
g558,15,51.0073,0
t451,15,49.6528,0
z795,15,49.3681,1
o562,15,51.5051,1
s337,15,48.5715,0
v991,15,54.5886,1
a788,15,52.5399,1
a963,15,47.8369,0
x264,15,50.0023,1
e584,15,48.4304,1
c927,15,53.2664,1
p981,15,49.6577,0
o926,15,48.2542,1
i557,15,43.5299,0
c559,15,51.4149,1
u364,15,47.2122,2
r701,15,52.4848,0
l897,15,44.0615,0
k510,15,49.6871,1
e213,15,51.7917,2
h333,15,50.6926,2
c402,15,52.2307,1
g989,15,53.4420,0
m601,15,35.4646,1
m133,15,48.6652,1
m331,15,52.1101,1
w914,15,43.6884,0
s710,15,41.8452,0
a699,15,49.5304,0
g296,15,49.6532,1
a411,15,41.4842,1
b879,15,51.6184,1
p387,15,55.2514,0
r604,15,51.0745,1
l509,15,47.4886,1
f436,15,48.7221,2
u149,15,48.5224,0
b759,15,51.5878,0
g867,15,51.0604,1
k603,15,48.7753,0
i635,15,49.5369,1
k862,15,54.4745,1
k754,15,51.3236,0
j913,15,45.2525,0
v835,15,50.5452,1
l490,15,50.5248,1
k894,15,49.9878,1
l733,15,49.2852,0
f966,15,32.6230,0
f545,15,53.9455,1
o725,15,50.0151,1
p310,15,49.7707,1
r107,15,53.0903,0
q633,15,50.5836,1
x930,15,51.9738,0
f234,15,48.7352,1
l700,15,49.0402,1
a444,15,43.0013,0
a366,15,55.2656,0
x822,15,49.6947,1
x613,15,48.0776,0
l471,15,49.4069,0
z969,15,54.7130,2
c458,15,45.1074,2
q610,15,45.8890,0
w697,15,52.6573,2
v923,15,40.4580,0
w575,15,50.8675,1
t198,15,49.7812,2
n304,15,48.4780,0
i901,15,51.4196,0
u364,20,40.3439,2
o926,20,51.8266,2
q132,20,51.9090,4
a577,20,52.3652,2
i386,20,55.0877,2
t198,20,51.4907,3
g558,20,55.0901,1
c766,20,53.0069,3
u946,20,49.1100,1
p310,20,54.2052,1
s152,20,62.3516,2
z581,20,51.8079,2
f966,20,30.4860,0
o809,20,50.3366,1
s187,20,53.7447,1
b128,20,42.7316,0
i669,20,50.8737,1
b742,20,37.9504,0
k804,20,54.4845,0
a699,20,50.7124,0
i635,20,51.8771,1
r107,20,55.2639,0
r554,20,36.0156,2
w350,20,52.1323,1
k603,20,50.1801,0
a251,20,54.4626,1
k483,20,54.7790,1
a262,20,57.0133,2
n763,20,49.2581,1
q787,20,50.2299,2
y163,20,54.5711,1
g570,20,54.6433,1
g989,20,55.3261,1
s141,20,51.6216,1
q511,20,52.6727,0
s121,20,52.0051,2
t718,20,52.6367,2
k210,20,51.9976,0
u149,20,50.3781,0
n671,20,54.8225,0
o302,20,56.1776,0
q633,20,53.2873,1
x822,20,51.9149,2
a685,20,49.4906,0
m957,20,38.9093,1
w575,20,55.5918,1
l733,20,53.2443,1
c757,20,52.8186,1
w151,20,49.5543,2
g296,20,51.4471,2
s185,20,36.8669,0
a897,20,54.5957,3
c264,20,54.5682,1
f545,20,58.8412,1
y769,20,55.0257,2
l471,20,52.2283,0
l661,20,52.6175,1
b313,20,53.9797,1
a401,20,52.2045,2
b759,20,54.4430,0
k754,20,52.6934,1
c302,20,54.0809,3
j296,20,54.0053,3
l490,20,51.9054,1
l509,20,48.0705,2
w914,20,41.1081,0
k894,20,50.9816,1
e227,20,56.6076,1
a275,20,50.5134,1
x581,20,51.2080,3
o562,20,53.6169,1
c139,20,56.7420,0
c282,20,51.9506,0
v719,20,54.0486,1
v991,20,57.7407,2
s337,20,49.2021,1
c927,20,55.4817,1
t994,20,56.5280,1
a788,20,54.0610,1
c895,20,53.6768,2
l897,20,44.8131,0
f345,20,49.6134,0
c559,20,52.6044,2
r944,20,43.2257,1
p438,20,52.9053,0
o795,20,60.6101,3
y865,20,52.3620,1
x773,20,49.7397,3
w193,20,50.0051,0
j365,20,50.9394,1
q483,20,50.2399,1
j119,20,48.1582,1
e476,20,55.2493,0
w167,20,57.5482,0
q582,20,51.1860,2
p136,20,54.9138,1
w584,20,53.3235,1
b487,20,53.4277,0
y478,20,56.8489,1
g316,20,45.9333,1
a203,20,55.1733,1
o287,20,50.8561,2
j246,20,44.0204,0
j235,20,52.9429,1
m550,20,53.7579,3
a818,20,54.8346,0
i901,20,55.9744,0
v923,20,39.6483,0
c758,20,43.1263,1
v295,20,55.7314,3
k862,20,57.0578,1
z578,20,36.8900,0
o331,20,58.9657,1
g791,20,41.2119,0
w697,20,54.2281,3
c819,20,49.7624,1
k403,20,32.9977,1
m133,20,52.6369,1
j984,20,54.3725,1
c832,20,56.7102,1
q597,20,41.9256,0
t565,20,39.0702,0
c402,20,54.8833,2
h333,20,51.9978,2
k510,20,52.1056,1
o973,20,51.9570,1
l700,20,50.7348,1
p981,20,50.3581,0
m650,20,56.7779,2
j989,20,41.6353,1
b879,20,53.9834,1
g107,20,62.7060,0
a644,20,45.8651,0
y793,20,40.7164,2
i557,20,43.9679,0
e291,20,52.5338,1
c580,20,55.5753,2
k382,20,57.8244,2
w422,20,53.6762,1
s508,20,35.9287,0
e584,20,50.3449,2
x264,20,53.0743,1
e213,20,52.6138,2
r921,20,44.1363,0
j755,20,55.4966,1
e662,20,44.0013,0
r701,20,54.1141,0
y260,20,50.7296,3
i177,20,35.3454,0
r811,20,40.7728,0
s565,20,57.0462,1
m546,20,36.7123,0
a366,20,57.2860,0
t724,20,57.2294,0
p387,20,56.5876,0
v289,20,54.2501,0
h246,20,57.9359,1
l725,20,59.6152,2
z969,20,57.8988,2
w540,20,50.6727,2
i334,20,39.6878,0
v835,20,51.2965,2
a444,20,41.7146,0
t451,20,51.0637,0
a492,20,53.6772,0
g288,20,42.9571,1
x402,20,50.4148,2
n923,20,52.5992,1
i738,20,38.5311,0
n364,20,37.4789,0
f234,20,51.1127,2
m601,20,34.2557,1
f993,20,52.0795,1
c458,20,39.5051,2
u196,20,46.1054,1
a411,20,38.0874,1
x930,20,52.5561,0
u327,20,53.1899,0
q610,20,46.5854,0
b559,20,55.6545,1
j913,20,42.1683,0
v603,20,53.7212,0
g497,20,55.0970,1
z795,20,53.2807,1
a520,20,35.9477,0
d474,20,51.7315,0
d251,20,37.6521,1
s710,20,42.6300,1
r604,20,51.9028,1
x401,20,36.0658,0
m269,20,61.1459,0
a963,20,51.4637,0
p189,20,56.5302,3
g989,20,54.6577,1
n304,20,49.2533,1
u149,25,52.9253,0
x264,25,56.8911,2
l725,25,65.0088,2
i177,25,34.0822,1
l471,25,52.8476,1
r944,25,41.0870,1
v295,25,57.6919,3
x930,25,53.7261,0
c927,25,56.5455,2
a520,25,36.5586,1
y865,25,57.1735,2
b559,25,57.0437,1
m546,25,37.4444,0
v991,25,60.0167,2
l700,25,54.2345,1
w167,25,61.8686,0
s710,25,43.0604,1
n304,25,53.9709,2
k210,25,54.6140,0
p438,25,54.5106,0
x581,25,51.9353,3
q582,25,51.9682,2
r604,25,52.9369,1
j119,25,42.4172,1
l490,25,55.8100,2
q483,25,52.4301,1
a275,25,53.5761,1
a818,25,56.9663,0
l733,25,54.9517,1
o287,25,52.0685,3
z969,25,63.1457,2
m133,25,54.0824,2
t565,25,37.3422,0
l509,25,44.0063,2
o795,25,65.7418,4
t724,25,59.8261,1
b759,25,55.0836,0
b487,25,56.0577,1
u196,25,46.7053,1
r701,25,57.8985,1
y478,25,57.8270,1
x773,25,51.1044,3
x822,25,54.0413,2
o809,25,52.3182,1
i557,25,44.5962,0
p136,25,56.2815,1
c559,25,54.5554,2
m269,25,64.8930,0
a788,25,56.7703,1
x401,25,36.6171,0
a963,25,52.1298,0
l897,25,45.3547,0
s337,25,50.9707,2
b313,25,55.7451,1
j989,25,39.9341,1
q511,25,57.2576,0
t451,25,55.5276,0
c302,25,55.0762,3
o926,25,54.7633,3
p981,25,52.5447,1
c264,25,56.9668,2
d251,25,38.0975,1
w540,25,52.6003,2
j365,25,51.8103,1
j913,25,37.8607,0
a411,25,38.7014,1
k894,25,52.3258,2
g296,25,55.6701,3
w914,25,40.2919,0
q610,25,40.1465,0
w575,25,58.5873,1
h333,25,53.7309,2
m601,25,33.1188,1
q633,25,55.6831,1
f234,25,52.1786,2
f545,25,60.2535,1
x402,25,52.4317,2
a401,25,54.2098,3
a492,25,54.7012,1
a444,25,42.2914,0
c458,25,37.7531,2
z795,25,57.9471,2
g989,25,56.0456,1
s185,25,33.9499,0
a366,25,59.0117,0
s187,25,56.4852,1
s565,25,58.5536,1
r921,25,42.6553,1
o302,25,60.5171,0
g570,25,56.8494,1
j755,25,58.0558,1
e213,25,55.2245,2
t718,25,55.8766,3
u364,25,35.5036,2
g558,25,55.7541,2
e584,25,51.3864,2
e291,25,55.1390,2
a644,25,41.4812,0
o562,25,54.7427,1
r811,25,37.6140,0
r107,25,57.7067,1
p387,25,58.0985,0
i635,25,52.9288,1
w350,25,52.8059,1
k403,25,33.4646,1
j984,25,57.0644,1
p310,25,55.3418,2
a897,25,56.4133,3
a699,25,51.8464,0
w697,25,57.6104,3
c402,25,58.2699,2
b742,25,38.6177,0
k862,25,58.7193,2
t198,25,56.1847,3
c758,25,43.6023,1
c757,25,57.1064,2
s141,25,53.8044,1
i901,25,56.5752,0
b879,25,56.4700,2
v923,25,40.1564,1
y769,25,58.3360,3
g791,25,35.5694,1
c282,25,56.2922,1
s121,25,55.6507,2
g107,25,64.6636,0
k804,25,55.6748,1
w151,25,51.8691,2
d474,25,54.2793,0
e227,25,60.6003,1
m550,25,57.6207,4
r554,25,33.8933,3
f345,25,53.0789,0
c139,25,61.4620,0
g288,25,42.3687,1
p189,25,62.1090,3
g497,25,57.5244,2
g316,25,46.8092,1
y260,25,54.4376,4
c895,25,57.5342,2
i334,25,38.2488,1
h246,25,59.5489,1
k483,25,57.4320,2
z578,25,37.4141,0
c766,25,58.2146,3
a577,25,54.3809,2
c819,25,51.8284,1
q597,25,42.5757,1
c832,25,58.8918,2
i669,25,53.3032,2
a685,25,51.9400,0
a262,25,60.1319,2
m650,25,62.2536,2
y163,25,56.1764,1
n671,25,56.1745,0
v289,25,56.7201,0
b128,25,43.2621,1
m957,25,37.6954,1
o973,25,53.1798,1
n763,25,53.4059,2
o331,25,61.1023,1
j296,25,55.7671,3
q132,25,52.7805,4
w584,25,55.6508,1
j246,25,44.5552,0
e476,25,57.4086,0
c580,25,56.2891,2
u327,25,56.0596,0
i386,25,56.6879,3
s152,25,64.1191,2
w422,25,56.9579,2
v603,25,56.0752,1
a251,25,57.4146,1
l661,25,53.1807,2
k382,25,59.5039,3
i738,25,34.9734,0
n923,25,56.8555,2
e662,25,44.6646,1
n364,25,33.2050,0
q787,25,52.7132,2
y793,25,38.9927,2
z581,25,54.3164,2
s508,25,36.3386,0
a203,25,56.7932,1
m650,30,64.9019,3
n763,30,55.4137,3
z578,30,37.8159,0
c758,30,44.1183,1
v923,30,40.7522,2
k862,30,60.6054,3
g570,30,60.3287,1
e584,30,54.9844,3
t198,30,56.9250,3
s141,30,55.8414,1
c139,30,64.1499,1
w422,30,60.0966,3
b742,30,39.1679,0
i557,30,45.2614,0
u364,30,35.9783,2
g316,30,44.2215,2
r921,30,43.4194,1
m550,30,60.8565,4
e213,30,56.4587,3
a203,30,59.5232,1
a644,30,37.2111,0
j755,30,60.0072,1
r107,30,58.4065,1
p387,30,63.2692,0
c895,30,60.9697,2
r811,30,38.2421,0
c580,30,58.0466,3
f345,30,54.3638,1
o302,30,62.0306,1
e662,30,45.3502,1
b879,30,60.9076,2
s565,30,63.6690,1
t718,30,57.7041,3
g558,30,58.9528,3
c757,30,60.0986,2
i901,30,60.5919,0
i635,30,53.5970,2
s187,30,60.0088,2
c402,30,63.7432,2
a699,30,54.3793,0
c264,30,57.8239,2
p136,30,57.0528,1
g497,30,61.1082,2
d251,30,38.7183,2
r554,30,32.6807,3
j365,30,54.4049,1
z581,30,56.2867,2
a492,30,56.2010,1
a444,30,42.7863,0
q787,30,55.0362,2
a401,30,55.9102,3
f545,30,65.8940,1
x402,30,54.3516,3
f234,30,56.8738,2
a251,30,59.8612,1
q633,30,58.0573,1
c458,30,38.3420,2
v603,30,57.9906,1
j246,30,38.0441,1
w575,30,60.1531,1
w914,30,40.9931,0
q610,30,40.6683,1
i386,30,59.1336,3
m601,30,31.7583,1
k894,30,54.4001,3
u327,30,57.3141,0
g296,30,57.9977,3
j913,30,34.7572,0
q132,30,54.6565,4
i334,30,39.0056,1
x401,30,32.9153,0
o809,30,54.8326,1
c559,30,57.1461,2
o331,30,66.3307,1
a897,30,59.9169,3
a577,30,57.0319,2
j984,30,61.2405,1
q597,30,43.3392,1
k403,30,31.0995,1
w350,30,55.8799,1
c832,30,60.4964,2
s185,30,32.9597,1
w584,30,58.2684,1
y163,30,59.4125,2
g989,30,59.0823,1
h333,30,55.4553,2
a262,30,64.9581,3
w697,30,60.7206,3
p981,30,56.3391,1
c302,30,57.4197,3
t451,30,59.2758,0
k483,30,59.7471,2
q511,30,59.3644,1
o973,30,57.7700,1
l897,30,39.3528,1
j989,30,34.6718,1
g288,30,42.8745,1
s337,30,52.7477,3
a963,30,53.4017,1
k804,30,59.2406,2
d474,30,55.3413,0
a788,30,60.4137,1
m269,30,67.7125,1
o926,30,56.9174,3
b128,30,40.6053,1
a366,30,63.4407,1
r701,30,60.3418,1
m957,30,38.2125,1
v295,30,59.3338,3
b759,30,55.7428,1
n364,30,33.8178,0
z969,30,65.8410,3
w151,30,56.7672,2
l700,30,56.6532,1
o287,30,54.5030,3
t724,30,64.2346,2
r944,30,41.6808,1
x773,30,52.8131,4
l509,30,44.7081,2
a275,30,54.4447,2
g107,30,69.1605,0
s508,30,35.4740,0
l471,30,58.0936,1
u196,30,47.6228,2
p438,30,56.4064,0
j296,30,56.8031,3
n923,30,59.6326,3
a411,30,39.1307,1
l733,30,56.3191,1
p189,30,67.1045,4
n304,30,55.0390,3
q582,30,52.6489,2
g791,30,34.9526,1
n671,30,60.1652,0
e227,30,62.4644,2
o795,30,68.2171,4
r604,30,54.6882,2
x581,30,55.4928,3
c819,30,56.0990,1
l490,30,57.9184,3
a818,30,60.0724,0
c766,30,60.2559,3
l725,30,66.5995,3
q483,30,54.9522,1
t565,30,32.8689,0
j119,30,43.0137,1
l661,30,55.3291,2
m546,30,37.9699,0
x822,30,55.4452,2
k210,30,59.9895,1
w167,30,67.1979,0
h246,30,63.5996,1
s710,30,43.5717,1
v991,30,62.7436,3
b559,30,61.1904,1
i738,30,35.5788,1
z795,30,59.7896,2
c282,30,59.0059,1
e476,30,57.9928,1
k382,30,63.4694,4
y769,30,61.0719,3
o562,30,59.6535,1
i177,30,34.7115,1
y478,30,59.3746,1
y865,30,59.0333,3
a520,30,36.9477,1
x264,30,58.1587,3
a685,30,55.4539,1
y793,30,35.7260,2
y260,30,58.5827,4
c927,30,60.7539,2
i334,35,39.7696,2
l897,35,37.6828,1
o809,35,55.6294,1
a520,35,37.6247,1
p189,35,67.8738,4
k483,35,60.5416,2
x822,35,56.7966,2
a963,35,56.8140,1
l725,35,69.1257,3
l733,35,57.6008,1
m269,35,68.6899,1
y478,35,61.8880,1
s185,35,28.3285,1
s337,35,54.8108,3
o973,35,60.2422,1
d474,35,56.4791,0
h246,35,67.2113,2
j989,35,35.1156,1
k804,35,62.1173,2
e227,35,66.9491,3
w151,35,58.3391,2
q511,35,60.8387,1
l700,35,61.4626,1
t451,35,63.7570,0
e662,35,43.2203,1
z581,35,58.6284,3
c264,35,61.0748,2
w914,35,41.6649,1
l661,35,56.4741,2
v603,35,63.1894,1
j246,35,38.7533,1
q610,35,36.5617,2
l509,35,40.2073,2
m546,35,38.6275,1
w575,35,63.6864,2
i386,35,64.9254,3
y865,35,61.1531,3
n364,35,34.4875,1
i738,35,36.1760,1
k894,35,55.3627,4
c282,35,59.8877,1
g296,35,60.3845,4
u327,35,58.0890,1
j913,35,35.1701,0
y769,35,63.4306,3
m601,35,30.8344,1
a444,35,41.7360,0
q633,35,63.1257,1
l471,35,61.4060,1
a251,35,60.9039,1
x401,35,30.2068,0
n304,35,57.1224,4
o795,35,69.0851,4
p136,35,57.6308,1
n923,35,60.3563,3
r604,35,59.2170,2
t565,35,33.5157,0
d251,35,37.7085,2
j365,35,56.9612,2
c559,35,59.4550,2
a492,35,57.3086,1
g497,35,64.0949,2
z969,35,69.1762,4
a401,35,60.3471,3
f545,35,66.7429,1
u196,35,47.0015,2
x402,35,55.2410,3
r554,35,33.0693,3
q787,35,60.3339,3
f234,35,57.7488,2
j296,35,58.7145,3
c302,35,62.2366,3
c832,35,61.1245,2
g288,35,38.9541,1
f345,35,56.5233,1
g107,35,71.9051,0
b559,35,65.7058,1
r701,35,64.7300,1
m550,35,62.5392,4
x773,35,55.1927,4
b128,35,37.9676,1
p387,35,66.4922,1
t724,35,67.7443,2
s565,35,64.7766,2
r811,35,36.0030,1
i635,35,55.6800,2
o287,35,55.1183,4
c766,35,65.9524,4
o926,35,58.5940,3
r944,35,40.4018,2
i901,35,62.1273,0
g316,35,44.7028,2
a818,35,63.2985,0
m650,35,69.2657,4
b879,35,64.2609,2
z578,35,38.5048,0
n763,35,57.3824,3
y793,35,36.3279,2
u364,35,35.4595,2
k382,35,66.0792,4
t718,35,60.4639,3
e584,35,58.0866,3
e476,35,60.0643,1
v991,35,63.8953,4
g558,35,60.8622,4
z795,35,60.4357,2
i557,35,45.9419,0
p438,35,57.5386,1
w167,35,68.1343,0
i177,35,35.1522,1
a203,35,61.9317,2
a644,35,35.1286,0
c927,35,61.8723,3
j755,35,62.7329,1
y260,35,59.6036,4
w422,35,61.4096,4
x264,35,61.2996,4
g570,35,62.3304,2
e213,35,58.2459,3
q483,35,59.2535,1
c757,35,64.2912,2
a411,35,39.7172,1
o562,35,65.3608,1
a685,35,58.0926,1
a897,35,64.0529,3
g989,35,62.5709,2
o331,35,70.1262,2
q597,35,43.8072,1
j984,35,64.0554,1
v295,35,61.8932,3
q582,35,53.7132,2
k862,35,66.5807,3
j119,35,43.7657,1
k210,35,63.3293,1
y163,35,61.7302,2
a275,35,56.3535,2
w350,35,56.6836,1
s508,35,35.8461,0
k403,35,26.5470,1
a699,35,56.5107,1
s710,35,44.1605,1
c402,35,65.8080,2
c819,35,57.7295,1
x581,35,58.0776,3
c139,35,67.8214,1
a262,35,66.5620,4
m957,35,32.5628,1
b742,35,39.8476,0
c758,35,37.8024,1
v923,35,41.4392,2
w697,35,63.6890,3
p981,35,59.1310,1
t198,35,57.7359,3
g791,35,30.9604,1
a262,40,69.5927,4
a644,40,35.7795,0
i334,40,40.4424,2
a520,40,38.2597,1
k894,40,58.6471,4
e662,40,44.0067,2
n364,40,34.9547,1
k403,40,24.3655,1
b128,40,38.3797,2
i177,40,35.5579,2
c302,40,63.2811,4
s508,40,32.7982,0
y478,40,65.9711,1
t718,40,61.5304,3
c282,40,65.0218,2
o795,40,70.2665,4
m546,40,35.1146,1
z578,40,34.0221,0
g791,40,31.3694,1
c758,40,32.8332,1
d251,40,38.2654,2
c264,40,65.7083,2
u196,40,43.4537,2
c757,40,66.6044,2
r811,40,36.5200,1
c766,40,67.6853,4
e227,40,70.7152,3
n763,40,58.0111,4
f545,40,71.1081,1
r944,40,41.0420,2
x773,40,55.9877,4
s185,40,25.4721,1
a897,40,67.2117,4
q787,40,62.0341,3
a444,40,42.5049,0
m601,40,31.3780,1
t565,40,33.9493,0
q597,40,44.4718,2
j989,40,35.5012,1
u327,40,60.4665,1
b879,40,67.1891,2
j755,40,67.2077,1
y260,40,60.9142,4
g570,40,68.5259,2
a275,40,60.9215,3
s710,40,40.1719,1
s565,40,67.2210,2
p387,40,69.0389,1
l471,40,63.8449,1
i635,40,56.8424,3
e476,40,61.5253,1
k382,40,67.4210,4
j119,40,44.5851,1
i901,40,64.3035,0
a203,40,63.5935,2
b742,40,38.2556,0
w422,40,63.0726,4
k862,40,67.5713,4
t198,40,59.1300,4
k210,40,66.6228,2
a699,40,58.6054,1
f345,40,58.3156,1
v923,40,42.1510,2
m550,40,68.2107,4
l661,40,59.2057,3
o287,40,57.1972,4
v295,40,65.4661,3
e213,40,60.2365,3
w151,40,62.1880,2
p189,40,74.1061,4
t724,40,69.7283,2
q483,40,64.1923,1
r701,40,66.6407,1
p438,40,59.3053,1
a818,40,69.2738,1
x264,40,63.2833,4
c927,40,64.1832,4
a411,40,40.2588,1
j296,40,60.0727,3
a685,40,60.5679,2
z795,40,62.3766,3
v991,40,64.8511,4
h246,40,71.1508,2
u364,40,36.0241,2
o562,40,71.1725,1
m957,40,32.9476,1
c819,40,62.1757,1
x581,40,60.2804,3
e584,40,62.8169,4
g558,40,61.7750,4
y793,40,31.4754,2
i557,40,46.8211,1
j984,40,67.7771,1
l725,40,73.6935,3
g316,40,45.5658,2
p136,40,61.3802,1
r604,40,60.1861,2
a492,40,57.9285,1
k483,40,64.1387,3
o973,40,64.4878,2
j365,40,62.3272,2
d474,40,60.2337,1
l509,40,40.7708,2
z581,40,60.0537,3
a401,40,61.7686,4
g497,40,67.7428,2
x402,40,56.6917,3
y865,40,63.4695,3
q633,40,68.4986,2
z969,40,70.3149,4
a251,40,63.0951,1
w914,40,35.6113,2
w575,40,64.9384,3
r554,40,31.8048,3
i386,40,67.2896,4
j913,40,31.0019,1
g296,40,62.2219,4
i738,40,36.8439,2
c832,40,62.5723,2
c559,40,60.8618,3
x401,40,28.1674,0
n304,40,59.8305,4
w350,40,62.3243,2
m650,40,70.7971,4
c402,40,70.2223,2
b559,40,69.9696,1
o926,40,59.9030,3
c139,40,69.4281,2
l897,40,38.3439,1
x822,40,59.5557,2
l700,40,62.9867,1
t451,40,67.6548,1
y163,40,63.6207,2
q511,40,63.1944,2
l733,40,59.4435,1
m269,40,70.2146,1
y769,40,64.2510,4
g288,40,36.3569,1
n923,40,66.2296,3
a963,40,58.4638,1
o331,40,71.4477,3
s337,40,56.9948,4
n364,45,31.0953,1
b128,45,38.9829,2
l661,45,59.8520,3
y865,45,64.7298,3
y769,45,68.5947,4
b559,45,73.0514,1
t565,45,34.4553,0
c282,45,65.8152,2
l509,45,41.4830,3
j296,45,61.8490,3
a411,45,38.4076,1
p189,45,75.2949,4
m650,45,73.9014,4
q597,45,45.2209,2
g288,45,37.0740,1
o331,45,78.5670,4
y163,45,67.6856,3
i334,45,36.3745,2
c139,45,72.2267,2
c832,45,65.4160,3
a262,45,70.7176,4
z581,45,62.7545,3
g497,45,69.8723,2
a251,45,65.5257,1
q787,45,66.0965,3
r554,45,32.3774,3
k483,45,66.1969,3
w151,45,67.5275,3
g316,45,40.1592,2
m550,45,69.2535,4
e227,45,73.2129,3
a685,45,66.0831,3
s508,45,30.2762,0
h246,45,74.1041,2
y793,45,31.8962,2
c766,45,69.8231,4
z578,45,30.6387,0
m957,45,33.3291,1
e662,45,40.6590,2
e476,45,62.4354,1
k382,45,73.7156,4
a203,45,67.9734,2
w422,45,67.9895,4
f345,45,60.9188,1
y260,45,62.9094,4
m546,45,30.5646,1
a818,45,74.9978,2
l471,45,67.7487,1
s337,45,62.1097,4
a963,45,62.7651,1
q511,45,68.6111,3
k403,45,22.0501,1
t451,45,68.7116,1
o926,45,62.3280,4
l897,45,38.8469,1
c302,45,64.5752,4
w350,45,64.9576,2
c402,45,74.0404,3
v923,45,40.6581,2
c758,45,33.3977,1
j984,45,70.6538,1
a699,45,62.1914,1
a897,45,72.2560,4
t198,45,64.9114,4
k862,45,69.2991,4
j989,45,36.1349,1
b742,45,38.9396,0
m269,45,75.1237,1
c264,45,67.9421,2
g296,45,68.1632,4
j913,45,31.5605,1
w575,45,68.4013,3
k894,45,60.7527,4
a444,45,43.0475,0
q633,45,70.8278,2
w914,45,36.0410,2
a401,45,66.7942,4
f545,45,73.3244,1
x402,45,61.6196,3
j365,45,64.2941,2
m601,45,28.4310,1
d251,45,37.3112,2
a492,45,60.1220,1
x401,45,28.4840,0
p136,45,63.4887,2
c559,45,61.8401,4
s185,45,23.3436,1
i738,45,37.3118,2
i901,45,65.3418,0
c757,45,69.0428,3
t724,45,75.1133,2
s710,45,40.7286,1
x581,45,64.6349,3
a275,45,62.9994,3
a520,45,38.8104,1
k210,45,68.9232,3
j119,45,38.1252,1
y478,45,66.8426,1
l725,45,76.6688,3
x822,45,61.3867,3
l700,45,63.9466,1
l733,45,64.2998,1
n304,45,63.5864,4
o795,45,73.0595,4
u196,45,40.6677,3
r604,45,62.6708,3
z969,45,73.8678,4
g791,45,29.1285,1
i635,45,58.6334,3
o287,45,59.7419,4
r701,45,69.7785,1
r811,45,37.2257,1
u327,45,66.2688,2
s565,45,72.5890,2
g570,45,70.4928,2
i557,45,47.6860,1
a644,45,32.9785,1
j755,45,69.5636,1
e213,45,63.1057,4
e584,45,68.3598,4
t718,45,63.4237,4
o562,45,72.4554,2
i177,45,33.5624,3
v991,45,70.1677,4
z795,45,65.7411,3
r944,45,41.5815,2
u364,45,31.0239,3
p438,45,61.4339,1
x773,45,58.6350,4
b879,45,72.5552,2
